"RecType","LOINC_NUM","COMPONENT","PROPERTY","TIME_ASPCT","SYSTEM","SCALE_TYP","METHOD_TYP","CLASS"
"ADD","105176-2","Living Arrangements","-","RptPeriod","^Patient","-","CMS Assessment","PANEL.SURVEY.CMS"
"ADD","105177-0","I have indicated all the devices needed","Find","RptPeriod","^Patient","Ord","CMS Assessment","SURVEY.CMS"
"ADD","106517-6","Functional assessment standardized items (FASI) - v1.2","-","RptPeriod","^Patient","-","CMS Assessment","PANEL.SURVEY.CMS"
"ADD","106523-4","Outcome and assessment information set (OASIS) form - version E1 - Start of Care","-","RptPeriod","^Patient","-","CMS Assessment","PANEL.SURVEY.CMS"
"ADD","106524-2","Outcome and assessment information set (OASIS) form - version E1","-","RptPeriod","^Patient","-","CMS Assessment","PANEL.SURVEY.CMS"
"ADD","106525-9","Outcome and assessment information set (OASIS) form - version E1 - Resumption of Care","-","RptPeriod","^Patient","-","CMS Assessment","PANEL.SURVEY.CMS"
"ADD","106526-7","Outcome and assessment information set (OASIS) form - version E1 - Death at Home","-","RptPeriod","^Patient","-","CMS Assessment","PANEL.SURVEY.CMS"
"ADD","106527-5","Outcome and assessment information set (OASIS) form - version E1 - Transfer to an Inpatient Facility","-","RptPeriod","^Patient","-","CMS Assessment","PANEL.SURVEY.CMS"
"ADD","106528-3","Outcome and assessment information set (OASIS) form - version E1 - Follow Up","-","RptPeriod","^Patient","-","CMS Assessment","PANEL.SURVEY.CMS"
"ADD","106529-1","Outcome and assessment information set (OASIS) form - version E1 - Discharge from Agency","-","RptPeriod","^Patient","-","CMS Assessment","PANEL.SURVEY.CMS"
"ADD","106623-2","Hospice Outcomes and Patient Evaluation (HOPE) Admission v1.0","-","RptPeriod","^Patient","-","CMS Assessment","PANEL.SURVEY.CMS"
"ADD","106624-0","Hospice Outcomes and Patient Evaluation (HOPE) v1.0","-","RptPeriod","^Patient","-","CMS Assessment","PANEL.SURVEY.CMS"
"ADD","106625-7","Hospice Outcomes and Patient Evaluation (HOPE) Discharge v1.0","-","RptPeriod","^Patient","-","CMS Assessment","PANEL.SURVEY.CMS"
"ADD","106631-5","Site of Service at Admission","Find","RptPeriod","^Patient","Nom","CMS Assessment","SURVEY.CMS"
"ADD","106632-3","Patient ZIP Code","Loc","RptPeriod","^Patient","Nom","CMS Assessment","SURVEY.CMS"
"ADD","106635-6","Date the patient or responsible party was first asked about preference regarding the use of CPR","Date","RptPeriod","^Patient","Qn","CMS Assessment","SURVEY.CMS"
"ADD","106636-4","CPR Preference","-","RptPeriod","^Patient","-","CMS Assessment","PANEL.SURVEY.CMS"
"ADD","106637-2","Was the patient or responsible party asked about preference regarding the use of cardiopulmonary resuscitation","Find","RptPeriod","^Patient","Ord","CMS Assessment","SURVEY.CMS"
"ADD","106638-0","Other Life-Sustaining Treatment Preferences","-","RptPeriod","^Patient","-","CMS Assessment","PANEL.SURVEY.CMS"
"ADD","106639-8","Was the patient or responsible party asked about preferences regarding life-sustaining treatments other than CPR","Find","RptPeriod","^Patient","Ord","CMS Assessment","SURVEY.CMS"
"ADD","106640-6","Date the patient or responsible party was first asked about preferences regarding life-sustaining treatments other than CPR","Date","RptPeriod","^Patient","Qn","CMS Assessment","SURVEY.CMS"
"ADD","106641-4","Hospitalization Preference","-","RptPeriod","^Patient","-","CMS Assessment","PANEL.SURVEY.CMS"
"ADD","106642-2","Date the patient and or caregiver was first asked about spiritual or existential concerns","Date","RptPeriod","^Patient","Qn","CMS Assessment","SURVEY.CMS"
"ADD","106643-0","Was the patient and or caregiver asked about spiritual or existential concerns","Find","RptPeriod","^Patient","Ord","CMS Assessment","SURVEY.CMS"
"ADD","106644-8","Spiritual or Existential Concerns","-","RptPeriod","^Patient","-","CMS Assessment","PANEL.SURVEY.CMS"
"ADD","106645-5","Date the patient or responsible party was first asked about preference regarding hospitalization","Date","RptPeriod","^Patient","Qn","CMS Assessment","SURVEY.CMS"
"ADD","106646-3","Was the patient or responsible party asked about preference regarding hospitalization","Find","RptPeriod","^Patient","Ord","CMS Assessment","SURVEY.CMS"
"ADD","106647-1","Principal Diagnosis","Find","RptPeriod","^Patient","Nom","CMS Assessment","SURVEY.CMS"
"ADD","106649-7","Comorbidities and Co-existing Conditions","Find","RptPeriod","^Patient","Nom","CMS Assessment","SURVEY.CMS"
"ADD","106663-8","Pain Screening","-","RptPeriod","^Patient","-","CMS Assessment","PANEL.SURVEY.CMS"
"ADD","106664-6","Death is Imminent","Find","RptPeriod","^Patient","Ord","CMS Assessment","SURVEY.CMS"
"ADD","106665-3","Was the patient screened for pain","Find","RptPeriod","^Patient","Ord","CMS Assessment","SURVEY.CMS"
"ADD","106666-1","Date of first screening for pain","Date","RptPeriod","^Patient","Qn","CMS Assessment","SURVEY.CMS"
"ADD","106667-9","Patient's pain severity","Find","RptPeriod","^Patient","Ord","CMS Assessment","SURVEY.CMS"
"ADD","106668-7","Was a comprehensive pain assessment done","Find","RptPeriod","^Patient","Ord","CMS Assessment","SURVEY.CMS"
"ADD","106669-5","Type of standardized pain tool used","Find","RptPeriod","^Patient","Nom","CMS Assessment","SURVEY.CMS"
"ADD","106670-3","Pain Active Problem","Find","RptPeriod","^Patient","Ord","CMS Assessment","SURVEY.CMS"
"ADD","106671-1","Comprehensive Pain Assessment","-","RptPeriod","^Patient","-","CMS Assessment","PANEL.SURVEY.CMS"
"ADD","106672-9","Date of comprehensive pain assessment","Date","RptPeriod","^Patient","Qn","CMS Assessment","SURVEY.CMS"
"ADD","106673-7","Comprehensive pain assessment included","Find","RptPeriod","^Patient","Nom","CMS Assessment","SURVEY.CMS"
"ADD","106674-5","Neuropathic Pain","Find","RptPeriod","^Patient","Ord","CMS Assessment","SURVEY.CMS"
"ADD","106675-2","Screening for Shortness of Breath","-","RptPeriod","^Patient","-","CMS Assessment","PANEL.SURVEY.CMS"
"ADD","106676-0","Was the patient screened for shortness of breath","Find","RptPeriod","^Patient","Ord","CMS Assessment","SURVEY.CMS"
"ADD","106677-8","Date of first screening for shortness of breath","Date","RptPeriod","^Patient","Qn","CMS Assessment","SURVEY.CMS"
"ADD","106678-6","Did the screening indicate the patient had shortness of breath","Find","RptPeriod","^Patient","Ord","CMS Assessment","SURVEY.CMS"
"ADD","106679-4","Treatment for Shortness of Breath","-","RptPeriod","^Patient","-","CMS Assessment","PANEL.SURVEY.CMS"
"ADD","106680-2","Was treatment for shortness of breath initiated","Find","RptPeriod","^Patient","Ord","CMS Assessment","SURVEY.CMS"
"ADD","106681-0","Date treatment for shortness of breath initiated","Date","RptPeriod","^Patient","Qn","CMS Assessment","SURVEY.CMS"
"ADD","106682-8","Symptom Impact","-","RptPeriod","^Patient","-","CMS Assessment","PANEL.SURVEY.CMS"
"ADD","106683-6","Date of symptom impact screening","Date","RptPeriod","^Patient","Qn","CMS Assessment","SURVEY.CMS"
"ADD","106684-4","Was a symptom impact screening completed","Find","RptPeriod","^Patient","Ord","CMS Assessment","SURVEY.CMS"
"ADD","106685-1","Symptom Impact Screening","-","RptPeriod","^Patient","-","CMS Assessment","PANEL.SURVEY.CMS"
"ADD","106688-5","Symptom Impact - Pain","Find","RptPeriod","^Patient","Ord","CMS Assessment","SURVEY.CMS"
"ADD","106689-3","Symptom Impact - Shortness of breath","Find","RptPeriod","^Patient","Ord","CMS Assessment","SURVEY.CMS"
"ADD","106690-1","Symptom Impact - Anxiety","Find","RptPeriod","^Patient","Ord","CMS Assessment","SURVEY.CMS"
"ADD","106691-9","Symptom Impact - Vomiting","Find","RptPeriod","^Patient","Ord","CMS Assessment","SURVEY.CMS"
"ADD","106692-7","Symptom Impact - Nausea","Find","RptPeriod","^Patient","Ord","CMS Assessment","SURVEY.CMS"
"ADD","106693-5","Symptom Impact - Diarrhea","Find","RptPeriod","^Patient","Ord","CMS Assessment","SURVEY.CMS"
"ADD","106694-3","Symptom Impact - Constipation","Find","RptPeriod","^Patient","Ord","CMS Assessment","SURVEY.CMS"
"ADD","106695-0","Symptom Impact - Agitation","Find","RptPeriod","^Patient","Ord","CMS Assessment","SURVEY.CMS"
"ADD","106696-8","SFV Symptom Impact - Agitation","Find","RptPeriod","^Patient","Ord","CMS Assessment","SURVEY.CMS"
"ADD","106697-6","SFV Symptom Impact - Constipation","Find","RptPeriod","^Patient","Ord","CMS Assessment","SURVEY.CMS"
"ADD","106698-4","SFV Symptom Impact - Diarrhea","Find","RptPeriod","^Patient","Ord","CMS Assessment","SURVEY.CMS"
"ADD","106699-2","SFV Symptom Impact - Vomiting","Find","RptPeriod","^Patient","Ord","CMS Assessment","SURVEY.CMS"
"ADD","106700-8","SFV Symptom Impact - Nausea","Find","RptPeriod","^Patient","Ord","CMS Assessment","SURVEY.CMS"
"ADD","106701-6","SFV Symptom Impact - Anxiety","Find","RptPeriod","^Patient","Ord","CMS Assessment","SURVEY.CMS"
"ADD","106702-4","SFV Symptom Impact - Shortness of breath","Find","RptPeriod","^Patient","Ord","CMS Assessment","SURVEY.CMS"
"ADD","106703-2","SFV Symptom Impact - Pain","Find","RptPeriod","^Patient","Ord","CMS Assessment","SURVEY.CMS"
"ADD","106704-0","Symptom Follow-up Visit","-","RptPeriod","^Patient","-","CMS Assessment","PANEL.SURVEY.CMS"
"ADD","106705-7","Was an in-person SFV completed","Find","RptPeriod","^Patient","Ord","CMS Assessment","SURVEY.CMS"
"ADD","106706-5","Date of in-person SFV","Date","RptPeriod","^Patient","Qn","CMS Assessment","SURVEY.CMS"
"ADD","106707-3","Reason SFV Not Completed","Find","RptPeriod","^Patient","Ord","CMS Assessment","SURVEY.CMS"
"ADD","106708-1","SFV Symptom Impact","-","RptPeriod","^Patient","-","CMS Assessment","PANEL.SURVEY.CMS"
"ADD","106709-9","Skin Conditions. Does the patient have one or more skin conditions","Find","RptPeriod","^Patient","Ord","CMS Assessment","SURVEY.CMS"
"ADD","106710-7","Types of Skin Conditions","Find","RptPeriod","^Patient","Nom","CMS Assessment","SURVEY.CMS"
"ADD","106711-5","Skin and Ulcer or Injury Treatments","Find","RptPeriod","^Patient","Nom","CMS Assessment","SURVEY.CMS"
"ADD","106712-3","Date bowel regimen initiated or continued","Date","RptPeriod","^Patient","Qn","CMS Assessment","SURVEY.CMS"
"ADD","106713-1","Was a bowel regimen initiated or continued","Find","RptPeriod","^Patient","Ord","CMS Assessment","SURVEY.CMS"
"ADD","106714-9","Date PRN opioid initiated or continued","Date","RptPeriod","^Patient","Qn","CMS Assessment","SURVEY.CMS"
"ADD","106715-6","Bowel Regimen","-","RptPeriod","^Patient","-","CMS Assessment","PANEL.SURVEY.CMS"
"ADD","106716-4","Was a PRN opioid initiated or continued","Find","RptPeriod","^Patient","Ord","CMS Assessment","SURVEY.CMS"
"ADD","106717-2","PRN Opioid","-","RptPeriod","^Patient","-","CMS Assessment","PANEL.SURVEY.CMS"
"ADD","106718-0","Scheduled Opioid","-","RptPeriod","^Patient","-","CMS Assessment","PANEL.SURVEY.CMS"
"ADD","106719-8","Was a scheduled opioid initiated or continued","Find","RptPeriod","^Patient","Ord","CMS Assessment","SURVEY.CMS"
"ADD","106720-6","Date scheduled opioid initiated or continued","Date","RptPeriod","^Patient","Qn","CMS Assessment","SURVEY.CMS"
"ADD","106721-4","Reason for Discharge","Find","RptPeriod","^Patient","Nom","CMS Assessment","SURVEY.CMS"
"ADD","106933-5","Hospice Outcomes and Patient Evaluation (HOPE) Update Visit v1.0","-","RptPeriod","^Patient","-","CMS Assessment","PANEL.SURVEY.CMS"
"ADD","106935-0","Administrative information","-","RptPeriod","^Patient","-","CMS Assessment","PANEL.SURVEY.CMS"
